"ID","Clee","Nombre de la Unidad Económica","Razón social","Código de la clase de actividad SCIAN","Nombre de clase de la actividad","Descripcion estrato personal ocupado","Tipo de vialidad","Nombre de la vialidad","Tipo de entre vialidad 1","Nombre de entre vialidad 1","Tipo de entre vialidad 2","Nombre de entre vialidad 2","Tipo de entre vialidad 3","Nombre de entre vialidad 3","Número exterior o kilómetro","Letra exterior","Edificio","Edificio Piso","Número interior","Letra interior","Tipo de asentamiento humano","Nombre de asentamiento humano","Tipo centro comercial","Corredor industrial, centro comercial o mercado público","Número de local","Código Postal","Clave entidad","Entidad federativa","Clave municipio","Municipio","Clave localidad","Localidad","Área geoestadística básica ","Manzana","Número de teléfono","Correo electrónico","Sitio en Internet","Tipo de establecimiento","Latitud","Longitud","Fecha de incorporación al DENUE"
"9269305","04004114119004171000000000U5","ACOPIO DE PESCADOS SIN NOMBRE",,"114119","Pesca y captura de peces, crustáceos, moluscos y otras especies","0 a 5 personas","AVENIDA","Carlos Sansores Pérez","CALLE","35","CALLE","37","CALLE","27-A","0",,,,"0",,"COLONIA","CENTENARIO",,,,"24400","04","CAMPECHE","004","Champotón","0001","Champotón","0968","031","9828223311",,,"Fijo","19.35116293","-90.72865845","2020-11"
"6167886","04004114119000281001000000U5","AVIEZER JESÚS CAB AKE",,"114119","Pesca y captura de peces, crustáceos, moluscos y otras especies","0 a 5 personas","CALLE","CARLOS SANSORES PÉREZ","CALLE","3","CALLE","5","CALLE","14","0",,,,"0",,"COLONIA","LA CRUZ",,,,"24400","04","CAMPECHE","004","Champotón","0001","Champotón","0968","038","9821216726",,,"Fijo","19.34638522","-90.73106035","2010-07"
"8836273","04004114119003444000000000O6","C.P.P. Y T.B. Y S. LOS LERMEROS, S.C. DE R.L. DE C.V.","CPP Y TB Y S LOS LERMEROS SC DE RL DE CV","114119","Pesca y captura de peces, crustáceos, moluscos y otras especies","11 a 30 personas","CALLE","CALLE DEL MUELLE","CALLE","20","CALLE","NINGUNO","CALLE","20","0",,,,"0",,"COLONIA","KILA",,,,"24500","04","CAMPECHE","004","Champotón","0001","Champotón","1025","006","9811107988","ISIDROCHAN84@GMAIL.COM",,"Fijo","19.36207711","-90.71895251","2019-11"
"6167442","04004114119002881001000000U0","CONCEPCIÓN CÁMARA RAMIREZ.",,"114119","Pesca y captura de peces, crustáceos, moluscos y otras especies","6 a 10 personas","AVENIDA","CARLOS SANSORES","CALLE","33","CALLE","35","CALLE","27A","0",,,,"0",,"COLONIA","GUADALUPE",,,,"24400","04","CAMPECHE","004","Champotón","0001","Champotón","1951","028","2321719054",,,"Fijo","19.35476746","-90.72698144","2014-12"
"6167227","04004461123000353001000000U3","CONGELADORA DE PESCADOS Y MARISCOS ORION",,"114119","Pesca y captura de peces, crustáceos, moluscos y otras especies","11 a 30 personas","CALLE","2","CALLE","DEL MUELLE","CALLE","CARRERTERA CHAMPOTON","CALLE","6","2",,,,,,"COLONIA","PUERTO PESQUERO",,,,"24400","04","CAMPECHE","004","Champotón","0001","Champotón","1025","006","9824330104","ING_FERREYRA2605@HOTMAIL.COM",,"Fijo","19.36137445","-90.71943349","2010-07"
"6167438","04004114119002592001000000O3","COOPERATIVA BAHÍA DE LA MALA PELEA DE PRODUCCIÓN PESQUERA DE BIENES Y SERVICIOS","COOPERATIVA BAHÍA DE LA MALA PELEA DE PRODUCCIÓN PESQUERA DE BIENES Y SERVICIOS SC DE RL","114119","Pesca y captura de peces, crustáceos, moluscos y otras especies","11 a 30 personas","CALLE","CALLE DEL MUELLE","CALLE","6","CALLE","8","CALLE","7","0",,,,"0",,"COLONIA","VENUSTIANO CARRANZA",,,,"24400","04","CAMPECHE","004","Champotón","0001","Champotón","0012","034","9821198096",,,"Fijo","19.36129752","-90.71804586","2014-12"
"6167237","04004114119002813000000000O3","COOPERATIVA DE PRODUCCION PESQUERA BALAS SC DE RL DE CV","COOPERATIVA DE PRODUCCION PESQUERA BALAS SC DE RL DE CV","114119","Pesca y captura de peces, crustáceos, moluscos y otras especies","11 a 30 personas","AVENIDA","CARLOS SANSORES PEREZ","AVENIDA","CARLOS SANSORES PEREZ","CALLE","13","CALLE","15","1",,,,,,"LOCALIDAD","LA PLAYA",,,,"24400","04","CAMPECHE","004","Champotón","0001","Champotón","1006","027",,"MARISCOS_BALAS@HOTMAIL.COM",,"Fijo","19.34463984","-90.72094427","2010-07"
"6167922","04004114119002063001000000O5","DELFINES DE LA BAHÍA SC DE RL","DELFINES DE LA BAHIA SC DE RL","114119","Pesca y captura de peces, crustáceos, moluscos y otras especies","11 a 30 personas","CALLE","33","CALLE","33","CALLE","30","CALLE","30","0",,,,"0",,"COLONIA","SAN PATRICIO",,,,"24400","04","CAMPECHE","004","Champotón","0001","Champotón","0968","032","9821314995",,,"Fijo","19.3530374","-90.72682141","2010-07"
"6167390","04004114119002621001000000U0","ESCAMAS Y PULPO",,"114119","Pesca y captura de peces, crustáceos, moluscos y otras especies","0 a 5 personas","CALLE","6","CALLE","PRINCIPAL","CALLE","NINGUNO","CALLE","NINGUNO","0",,,,"0",,"PUEBLO","LA JOYA",,,,"24451","04","CAMPECHE","004","Champotón","0016","La Joya","1063","017","9821276946",,,"Fijo","19.47915214","-90.67418983","2014-12"
"9225353","04004114119003801000000000U7","FRENTE COMUN CHAMPOTONERO DE PESCADORES ORGANIZADOS","FRENTE COMUN CHAMPOTONERO DE PESCADORES ORGANIZADOS AC","114119","Pesca y captura de peces, crustáceos, moluscos y otras especies","251 y más personas","CARRETERA","LOCALIDAD 800","OTRO (ESPECIFIQUE)","NINGUNO","OTRO (ESPECIFIQUE)","NIINGUNO","OTRO (ESPECIFIQUE)","NINGUNO","0","DOMICILIO CONOCIDO",,,,,"LOCALIDAD","NICHE",,,,"24400","04","CAMPECHE","004","Champotón","1856","Niche","1218","800","0",,,"Fijo","19.09123278","-91.04041333","2020-04"
"6167420","04004114119002577000000000O4","FRENTE COMÚN DE PESCADORES DE LA BAHÍA DE CHAMPOTON A.C","FRENTE COMUN DE PESCADORES DE LA BAHÍA DE CHAMPOTON AC","114119","Pesca y captura de peces, crustáceos, moluscos y otras especies","251 y más personas","CALLE","17","CALLE","35","CALLE","33","CALLE","16","0",,,,"0",,"COLONIA","SAN PATRICIO",,,,"24400","04","CAMPECHE","004","Champotón","0001","Champotón","0012","018","9821204051",,,"Fijo","19.35879222","-90.71846277","2010-07"
"7888969","04004114119003654000000000O0","KUKULKAN DE PARAISO SC DE RL","KUKULKAN DE PARAISO SC DE RL","114119","Pesca y captura de peces, crustáceos, moluscos y otras especies","11 a 30 personas","CALLE","15 B X 2","CALLE","12","CALLE","10","CALLE","NINGUNA","1",,,,,,"LOCALIDAD","NUEVA ESPERANZA",,,,"24400","04","CAMPECHE","004","Champotón","0001","Champotón","1006","027","9828290556","SIN@CORREO.COM",,"Fijo","19.34463984","-90.72094427","2019-11"
"6167832","04004114119002414000000000O1","LOS ULTIMOS SC DE RL","LOS ULTIMOS SC DE RL","114119","Pesca y captura de peces, crustáceos, moluscos y otras especies","11 a 30 personas","CALLE","45","CALLE","22","CALLE","20","CALLE","43","8",,,,,,"LOCALIDAD","EL ARENAL",,,,"24400","04","CAMPECHE","004","Champotón","0001","Champotón","1006","027","9821191491","IRIANRENE@HOTMAIL.COM",,"Fijo","19.34463984","-90.72094427","2010-07"
"6167892","04004114119002393000000000O5","MANTILLA SC DE RL","MANTILLA SC DE RL","114119","Pesca y captura de peces, crustáceos, moluscos y otras especies","6 a 10 personas","CALLE","CALLE DEL MUELLE","CALLE","6","CALLE","4","CALLE","41 A","0",,,,"0",,"LOCALIDAD","CRISTOBAL COLON",,,,"24400","04","CAMPECHE","004","Champotón","0001","Champotón","1025","011","9821321004",,,"Fijo","19.3609975","-90.71969271","2010-07"
"6167910","04004114119000651001000000U9","MARCIAL TAMAY AC",,"114119","Pesca y captura de peces, crustáceos, moluscos y otras especies","0 a 5 personas","CALLE","CALLE DEL MUELLE","CALLE","13","CALLE","NINGUNO","CALLE","NINGUNO","0",,,,"0",,"COLONIA","LA PLAYA",,,,"24400","04","CAMPECHE","004","Champotón","0001","Champotón","1025","006","9821156164",,,"Fijo","19.36191563","-90.71906305","2010-07"
"6167391","04004114119002792001000000U9","MOLUSCOS Y ESCAMAS Y PULPO",,"114119","Pesca y captura de peces, crustáceos, moluscos y otras especies","0 a 5 personas","CALLE","1","CALLE","9","CALLE","NINGUNO","CALLE","NINGUNO","0",,,,"0",,"PUEBLO","LA JOYA",,,,"24451","04","CAMPECHE","004","Champotón","0016","La Joya","1063","013","9821262041",,,"Fijo","19.47979035","-90.67170318","2014-12"
"6167835","04004114119002444000000000O7","OCTOPUS MAYA SC DE RL","OCTOPUS MAYA SC DE RL","114119","Pesca y captura de peces, crustáceos, moluscos y otras especies","11 a 30 personas","CALLE","3-B","CALLE","9","CALLE","7","CALLE","14","0",,,,"0",,"LOCALIDAD","VENUSTIANO CARRANZA",,,,"24400","04","CAMPECHE","004","Champotón","0001","Champotón","1006","027",,"JORCOSGALLA@HOTMAIL.COM",,"Fijo","19.34464353","-90.72095548","2010-07"
"6168084","04004114119002383000000000O9","PALANDREROS DE CHAMPOTON SC DE RL","PALANDREROS DE CHAMPOTON SC DE RL","114119","Pesca y captura de peces, crustáceos, moluscos y otras especies","6 a 10 personas","CALLE","18","CALLE","33","CALLE","35","CALLE","16","1",,,,,,"LOCALIDAD","NUEVA JERUSALEN",,,,"24400","04","CAMPECHE","004","Champotón","0001","Champotón","1006","027","9821196251",,,"Fijo","19.34463984","-90.72094427","2010-07"
"6167762","04004114119000051001000000U2","PESCA Y CAPTURA DE OTROS PECES, CRUSTÁCEOS, MOLUSCOS Y OTRAS ESPECIES",,"114119","Pesca y captura de peces, crustáceos, moluscos y otras especies","0 a 5 personas","CALLE","CARLOS SANSORES PÉREZ","CALLE","35","CALLE","35 A","CALLE","14","1",,,,"0",,"COLONIA","SAN PATRICIO",,,,"24400","04","CAMPECHE","004","Champotón","0001","Champotón","0968","038",,,,"Fijo","19.35214409","-90.72835669","2010-07"
"8993025","04004114119003172000000000U3","PESCA Y CAPTURA DE OTROS PECES, CRUSTÁCEOS, MOLUSCOS Y OTRAS ESPECIES",,"114119","Pesca y captura de peces, crustáceos, moluscos y otras especies","0 a 5 personas","CALLE","24 B","CALLE","17","CALLE","15","CALLE","26","2",,,,,,"LOCALIDAD","LAS MERCEDES",,,,"24400","04","CAMPECHE","004","Champotón","0001","Champotón","1006","027",,"GELMYERNESTO@GMAIL.COM",,"Fijo","19.34463984","-90.72094427","2019-11"
"6167724","04004114119000591001000000U7","PESCA Y CAPTURA DE OTROS PECES, CRUSTÁCEOS, MOLUSCOS Y OTRAS ESPECIES",,"114119","Pesca y captura de peces, crustáceos, moluscos y otras especies","0 a 5 personas","CALLE","CARLOS SANSORES PÉREZ","CALLE","37","CALLE","35A","CALLE","16","0",,,,"0",,"COLONIA","SAN PATRICIO",,,,"24400","04","CAMPECHE","004","Champotón","0001","Champotón","0968","038",,,,"Fijo","19.35134255","-90.7287345","2010-07"
"8993052","04004114119003212000000000U7","PESCA Y CAPTURA DE OTROS PECES, CRUSTÁCEOS, MOLUSCOS Y OTRAS ESPECIES",,"114119","Pesca y captura de peces, crustáceos, moluscos y otras especies","0 a 5 personas","AVENIDA","AV. CARLOS SANSORES PEREZ","CALLE","39","CALLE","41","CALLE","16","47",,,,,,"LOCALIDAD","GUADALUPE VICTORIA",,,,"24400","04","CAMPECHE","004","Champotón","0001","Champotón","1006","027",,"SANTOS_666_6@HOTMAIL.COM",,"Fijo","19.34463984","-90.72094427","2019-11"
"6167699","04004114119000411001000000U8","PESCA Y CAPTURA DE OTROS PECES, CRUSTÁCEOS, MOLUSCOS Y OTRAS ESPECIES",,"114119","Pesca y captura de peces, crustáceos, moluscos y otras especies","0 a 5 personas","CALLE","SIN REFERENCIA","CALLE","39","CALLE","41","CALLE","16","1",,,,"0",,"COLONIA","GUADALUPE VICTORIA",,,,"24400","04","CAMPECHE","004","Champotón","0001","Champotón","0968","038","9911098805",,,"Fijo","19.34890773","-90.7300955","2010-07"
"8993042","04004114119003192000000000U1","PESCA Y CAPTURA DE OTROS PECES, CRUSTÁCEOS, MOLUSCOS Y OTRAS ESPECIES",,"114119","Pesca y captura de peces, crustáceos, moluscos y otras especies","0 a 5 personas","CALLE","15 A","CALLE","20","CALLE","22","CALLE","15 A","2",,,,,,"LOCALIDAD","POZO DEL MONTE",,,,"24400","04","CAMPECHE","004","Champotón","0001","Champotón","1006","027","9821316615",,,"Fijo","19.34463984","-90.72094427","2019-11"
"8993022","04004114119003141000000000U8","PESCA Y CAPTURA DE OTROS PECES, CRUSTÁCEOS, MOLUSCOS Y OTRAS ESPECIES",,"114119","Pesca y captura de peces, crustáceos, moluscos y otras especies","0 a 5 personas","CALLE","20","CALLE","13","CALLE","15 A","CALLE","18","98",,,,,"SN","LOCALIDAD","COCAL",,,,"24400","04","CAMPECHE","004","Champotón","0001","Champotón","1006","027","9821168016","ANTONYCHABLE777@GMAIL.COM",,"Fijo","19.34463984","-90.72094427","2019-11"
"8993053","04003114119003612000000000U0","PESCA Y CAPTURA DE OTROS PECES, CRUSTÁCEOS, MOLUSCOS Y OTRAS ESPECIES",,"114119","Pesca y captura de peces, crustáceos, moluscos y otras especies","0 a 5 personas","CALLE","16","CALLE","16","CALLE","13","CALLE","NINGUNA","8",,,,,,"FRACCIONAMIENTO","MIRAFLORES",,,,"24400","04","CAMPECHE","004","Champotón","0001","Champotón","1006","027","9824332354","JUANJOSE_HIDALGO1974@HOTMAIL.COM",,"Fijo","19.34463984","-90.72094427","2019-11"
"6167674","04004114119001351000000000U5","PESCA Y CAPTURA DE OTROS PECES, CRUSTÁCEOS, MOLUSCOS Y OTRAS ESPECIES",,"114119","Pesca y captura de peces, crustáceos, moluscos y otras especies","0 a 5 personas","CALLE","CARLOS SANSORES PÉREZ","CALLE","12","CALLE","14","CALLE","9","0",,,,"0",,"COLONIA","LA CRUZ",,,,"24400","04","CAMPECHE","004","Champotón","0001","Champotón","0968","038","9828294287",,,"Fijo","19.34534849","-90.7315408","2010-07"
"8993067","04004114119003232000000000U5","PESCA Y CAPTURA DE OTROS PECES, CRUSTÁCEOS, MOLUSCOS Y OTRAS ESPECIES",,"114119","Pesca y captura de peces, crustáceos, moluscos y otras especies","0 a 5 personas","CALLE","24","CALLE","31","CALLE","29","CALLE","26","53",,,,,,"LOCALIDAD","POZO DEL CHENPEK",,,,"24400","04","CAMPECHE","004","Champotón","0001","Champotón","1006","027","9821041069","1CARMELO2VAZQUEZ@GMAIL.COM",,"Fijo","19.34463984","-90.72094427","2019-11"
"6167694","04004114119002891001000000U9","PESCA Y CAPTURA DE OTROS PECES, CRUSTÁCEOS, MOLUSCOS Y OTRAS ESPECIES",,"114119","Pesca y captura de peces, crustáceos, moluscos y otras especies","0 a 5 personas","CALLE","35","CALLE","27A","CALLE","16","CALLE","35-A","1",,,,"0",,"COLONIA","SAN PATRICIO",,,,"24400","04","CAMPECHE","004","Champotón","0001","Champotón","0968","018",,,,"Fijo","19.35165921","-90.72700501","2010-07"
"6167388","04004114119002851000000000U4","PESCA Y CAPTURA DE OTROS PECES, CRUSTÁCEOS, MOLUSCOS Y OTRAS ESPECIES",,"114119","Pesca y captura de peces, crustáceos, moluscos y otras especies","0 a 5 personas","AVENIDA","AV. CARLOS SANSORES PEREZ","CALLE","33","CALLE","31","AVENIDA","CARLOS SANSORES PEREZ","19",,,,,"SN","LOCALIDAD","SAN PATRICIO",,,,"24400","04","CAMPECHE","004","Champotón","0001","Champotón","1006","027",,"SIN@CORREO.COM",,"Fijo","19.34463984","-90.72094427","2014-12"
"6167437","04004114119002741000000000U6","PESCA Y CAPTURA DE OTROS PECES, CRUSTÁCEOS, MOLUSCOS Y OTRAS ESPECIES",,"114119","Pesca y captura de peces, crustáceos, moluscos y otras especies","0 a 5 personas","CALLE","CALLE DEL MUELLE","CALLE","10","CALLE","8","CALLE","NINGUNO","0",,,,"0",,"COLONIA","TAJONAL",,,,"24400","04","CAMPECHE","004","Champotón","0001","Champotón","0012","034","9861035149",,,"Fijo","19.36150398","-90.71790671","2014-12"
"8185270","04004114119003732000000000U4","PESCA Y CAPTURA DE OTROS PECES, CRUSTÁCEOS, MOLUSCOS Y OTRAS ESPECIES",,"114119","Pesca y captura de peces, crustáceos, moluscos y otras especies","0 a 5 personas","CALLE","27 A","CALLE","35","CALLE","33","AVENIDA","CARLOS SANSORES PEREZ","26",,,,"0",,"LOCALIDAD","SAN PATRICIO",,,,"24400","04","CAMPECHE","004","Champotón","0001","Champotón","1006","027","9821190120","CHONELO_1223@HOTMAIL.COM",,"Fijo","19.34463984","-90.72094427","2019-11"
"6167670","04004114119000761001000000U6","PESCA Y CAPTURA DE OTROS PECES, CRUSTÁCEOS, MOLUSCOS Y OTRAS ESPECIES",,"114119","Pesca y captura de peces, crustáceos, moluscos y otras especies","0 a 5 personas","CALLE","REVOLUCIÓN","CALLE","3","CALLE","5","CALLE","18","0",,,,"0",,"COLONIA","VENUSTIANO CARRANZA (PEDREGAL)",,,,"24400","04","CAMPECHE","004","Champotón","0001","Champotón","0012","017","9821002020",,,"Fijo","19.35870866","-90.7197668","2010-07"
"8992897","04004114119002912000000000U3","PESCA Y CAPTURA DE OTROS PECES, CRUSTÁCEOS, MOLUSCOS Y OTRAS ESPECIES",,"114119","Pesca y captura de peces, crustáceos, moluscos y otras especies","0 a 5 personas","CALLE","35","CALLE","34 A","CALLE","31","CALLE","35","1",,,,,"SN","LOCALIDAD","SAN PATRICIO",,,,"24400","04","CAMPECHE","004","Champotón","0001","Champotón","1006","027","9821364242","MARK.MH79@HOTMAIL.COM",,"Fijo","19.34463984","-90.72094427","2019-11"
"6167716","04004114119002203001000000U7","PESCA Y CAPTURA DE OTROS PECES, CRUSTÁCEOS, MOLUSCOS Y OTRAS ESPECIES",,"114119","Pesca y captura de peces, crustáceos, moluscos y otras especies","0 a 5 personas","CALLE","19","CALLE","26","CALLE","24","CALLE","21","0",,,,"0",,"COLONIA","LAS MERCEDES",,,,"24400","04","CAMPECHE","004","Champotón","0001","Champotón","0012","005","9821222486",,,"Fijo","19.35754164","-90.7179533","2010-07"
"8992918","04004114119002972000000000U7","PESCA Y CAPTURA DE OTROS PECES, CRUSTÁCEOS, MOLUSCOS Y OTRAS ESPECIES",,"114119","Pesca y captura de peces, crustáceos, moluscos y otras especies","0 a 5 personas","AVENIDA","AV. CARLOS SANSORES PEREZ","CALLE","39","CALLE","41","CALLE","16","47",,,,"0",,"LOCALIDAD","GUADALUPE VICTORIA",,,,"24400","04","CAMPECHE","004","Champotón","0001","Champotón","1006","027","9821164067","XUXA_19@HOTMAIL.COM",,"Fijo","19.34463984","-90.72094427","2019-11"
"6167723","04004114119000781001000000U4","PESCA Y CAPTURA DE OTROS PECES, CRUSTÁCEOS, MOLUSCOS Y OTRAS ESPECIES",,"114119","Pesca y captura de peces, crustáceos, moluscos y otras especies","0 a 5 personas","CALLE","5","CALLE","6","AVENIDA","CONCORDIA","CALLE","7","0",,,,"0",,"COLONIA","VENUSTIANO CARRANZA",,,,"24400","04","CAMPECHE","004","Champotón","0001","Champotón","0012","034","9821224352",,,"Fijo","19.36109512","-90.71818227","2010-07"
"8992941","04004114119003011000000000U3","PESCA Y CAPTURA DE OTROS PECES, CRUSTÁCEOS, MOLUSCOS Y OTRAS ESPECIES",,"114119","Pesca y captura de peces, crustáceos, moluscos y otras especies","0 a 5 personas","CALLE","24","CALLE","31","CALLE","35","CALLE","22","25",,,,,,"LOCALIDAD","POZO DEL CHENPEC",,,,"24400","04","CAMPECHE","004","Champotón","0001","Champotón","1006","027","9827317641",,,"Fijo","19.34463984","-90.72094427","2019-11"
"6167750","04004114119001171001000000U7","PESCA Y CAPTURA DE OTROS PECES, CRUSTÁCEOS, MOLUSCOS Y OTRAS ESPECIES",,"114119","Pesca y captura de peces, crustáceos, moluscos y otras especies","0 a 5 personas","CALLE","24-B","CALLE","17","CALLE","15","CALLE","26","2",,,,,,"COLONIA","POZO DEL MONTE",,,,"24400","04","CAMPECHE","004","Champotón","0001","Champotón","0012","024","9821203890",,,"Fijo","19.35608768","-90.71404081","2010-07"
"8992961","04004114119003022000000000U0","PESCA Y CAPTURA DE OTROS PECES, CRUSTÁCEOS, MOLUSCOS Y OTRAS ESPECIES",,"114119","Pesca y captura de peces, crustáceos, moluscos y otras especies","0 a 5 personas","CALLE","15A","CALLE","NINGUNA","CALLE","NINGUNA","CALLE","NINGUNA","2",,,,,,"FRACCIONAMIENTO","MIRAFLORES",,,,"24400","04","CAMPECHE","004","Champotón","0001","Champotón","1006","027","9821394497",,,"Fijo","19.34463984","-90.72094427","2019-11"
"6167758","04004114119001201001000000U2","PESCA Y CAPTURA DE OTROS PECES, CRUSTÁCEOS, MOLUSCOS Y OTRAS ESPECIES",,"114119","Pesca y captura de peces, crustáceos, moluscos y otras especies","0 a 5 personas","CALLE","24-B","CALLE","19","CALLE","17","CALLE","24","0",,,,"0",,"COLONIA","LAS MERCEDES",,,,"24400","04","CAMPECHE","004","Champotón","0001","Champotón","0012","006",,,,"Fijo","19.35790215","-90.71762361","2010-07"
"8992970","04004114119003042000000000U8","PESCA Y CAPTURA DE OTROS PECES, CRUSTÁCEOS, MOLUSCOS Y OTRAS ESPECIES",,"114119","Pesca y captura de peces, crustáceos, moluscos y otras especies","0 a 5 personas","CALLE","15","CALLE","24","CALLE","22","CALLE","13","14",,,,,,"LOCALIDAD","POZO DEL MONTE",,,,"24400","04","CAMPECHE","004","Champotón","0001","Champotón","1006","027","9821042628",,,"Fijo","19.34463984","-90.72094427","2019-11"
"6167911","04004114119000111001000000U4","PESCA Y CAPTURA DE OTROS PECES, CRUSTÁCEOS, MOLUSCOS Y OTRAS ESPECIES",,"114119","Pesca y captura de peces, crustáceos, moluscos y otras especies","0 a 5 personas","CALLE","20","CALLE","19","CALLE","21","CALLE","22","2",,,,,,"COLONIA","POZO MONTE",,,,"24400","04","CAMPECHE","004","Champotón","0001","Champotón","0012","012","9821268057",,,"Fijo","19.356001","-90.71509446","2010-07"
"8993017","04004114119003111000000000U1","PESCA Y CAPTURA DE OTROS PECES, CRUSTÁCEOS, MOLUSCOS Y OTRAS ESPECIES",,"114119","Pesca y captura de peces, crustáceos, moluscos y otras especies","0 a 5 personas","AVENIDA","COLOSIO","CALLE","11","CALLE","9","AVENIDA","COLOSIO","26",,,,"0",,"LOCALIDAD","VENUSTIANO CARRANZA",,,,"24400","04","CAMPECHE","004","Champotón","0001","Champotón","1006","027","9828297212",,,"Fijo","19.34463984","-90.72094427","2019-11"
"6167925","04004114119001241001000000U8","PESCA Y CAPTURA DE OTROS PECES, CRUSTÁCEOS, MOLUSCOS Y OTRAS ESPECIES",,"114119","Pesca y captura de peces, crustáceos, moluscos y otras especies","0 a 5 personas","CALLE","15-A","CALLE","20","CALLE","22","CALLE","15","0",,,,"0",,"COLONIA","POZO DEL MONTE",,,,"24400","04","CAMPECHE","004","Champotón","0001","Champotón","0012","022",,,,"Fijo","19.35843833","-90.71396478","2010-07"
"8993018","04004114119003122000000000U8","PESCA Y CAPTURA DE OTROS PECES, CRUSTÁCEOS, MOLUSCOS Y OTRAS ESPECIES",,"114119","Pesca y captura de peces, crustáceos, moluscos y otras especies","0 a 5 personas","CALLE","15 A","CALLE","NINGUNA","CALLE","NINGUNA","CALLE","NINGUNA","2",,,,,,"FRACCIONAMIENTO","MIRAFLORES",,,,"24400","04","CAMPECHE","004","Champotón","0001","Champotón","1006","027",,"SIN@CORREO.COM",,"Fijo","19.34463984","-90.72094427","2019-11"
"6167669","04004114119000401001000000U9","PESCA Y CAPTURA DE OTROS PECES, CRUSTÁCEOS, MOLUSCOS Y OTRAS ESPECIES",,"114119","Pesca y captura de peces, crustáceos, moluscos y otras especies","6 a 10 personas","CALLE","22","CALLE","15","CALLE","13","CALLE","24","3",,,,,,"COLONIA","POZO MONTE",,,,"24400","04","CAMPECHE","004","Champotón","0001","Champotón","0012","021","9821219505",,,"Fijo","19.35892534","-90.71457643","2010-07"
"8993019","04004114119003132000000000U7","PESCA Y CAPTURA DE OTROS PECES, CRUSTÁCEOS, MOLUSCOS Y OTRAS ESPECIES",,"114119","Pesca y captura de peces, crustáceos, moluscos y otras especies","0 a 5 personas","CALLE","16","CALLE","31","CALLE","31","CALLE","18","4",,,,,,"LOCALIDAD","LAS BRISAS",,,,"24400","04","CAMPECHE","004","Champotón","0001","Champotón","1006","027","9821205835","ADRIAN_GAMBOAA@OUKCLOK.COM",,"Fijo","19.34463984","-90.72094427","2019-11"
"6167916","04004114119001441001000000U4","PESCA Y CAPTURA DE OTROS PECES, CRUSTÁCEOS, MOLUSCOS Y OTRAS ESPECIES",,"114119","Pesca y captura de peces, crustáceos, moluscos y otras especies","0 a 5 personas","CALLE","CARLOS SANSORES PÉREZ","CALLE","9","CALLE","11","CALLE","14","0",,,,"0",,"COLONIA","LA CRUZ",,,,"24400","04","CAMPECHE","004","Champotón","0001","Champotón","0968","038",,,,"Fijo","19.35034078","-90.72920669","2010-07"
"8764696","04004114119003773000000000U8","PESCA Y CAPTURA DE OTROS PECES, CRUSTÁCEOS, MOLUSCOS Y OTRAS ESPECIES",,"114119","Pesca y captura de peces, crustáceos, moluscos y otras especies","11 a 30 personas","AVENIDA","AV. CARLOS SANSORES PEREZ","CALLE","37","CALLE","35","AVENIDA","CARLOS SANSORES PEREZ","33",,,,"0",,"LOCALIDAD","SAN PATRICIO",,,,"24400","04","CAMPECHE","004","Champotón","0001","Champotón","1006","027","9811548209","ALC_009@HOTMAIL.COM",,"Fijo","19.34463984","-90.72094427","2019-11"
"6167918","04004114119001451001000000U3","PESCA Y CAPTURA DE OTROS PECES, CRUSTÁCEOS, MOLUSCOS Y OTRAS ESPECIES",,"114119","Pesca y captura de peces, crustáceos, moluscos y otras especies","0 a 5 personas","CALLE","CARLOS SANSORES PÉREZ","CALLE","13","CALLE","80","CALLE","22","1",,,,"0",,"COLONIA","COCAL",,,,"24400","04","CAMPECHE","004","Champotón","0001","Champotón","0968","038","9821157852",,,"Fijo","19.35294969","-90.72797697","2010-07"
"6167887","04004114119002751001000000U5","PESCA Y CAPTURA DE OTROS PECES, CRUSTÁCEOS, MOLUSCOS Y OTRAS ESPECIES",,"114119","Pesca y captura de peces, crustáceos, moluscos y otras especies","0 a 5 personas","CALLE","CARLOS SANSORES PÉREZ","CALLE","14","CALLE","2","CALLE","9","0",,,,"0",,"COLONIA","LA CRUZ",,,,"24400","04","CAMPECHE","004","Champotón","0001","Champotón","0968","038","9821310229",,,"Fijo","19.34576929","-90.73134542","2010-07"
"6167868","04004114119000471001000000U2","PESCA Y CAPTURA DE OTROS PECES, CRUSTÁCEOS, MOLUSCOS Y OTRAS ESPECIES",,"114119","Pesca y captura de peces, crustáceos, moluscos y otras especies","0 a 5 personas","CALLE","12","CALLE","7","CALLE","9","CALLE","10","81",,,,,,"COLONIA","CAÑAVERAL",,,,"24400","04","CAMPECHE","004","Champotón","0001","Champotón","0968","038","9821313633",,,"Fijo","19.34497588","-90.73171436","2010-07"
"6167920","04004114119000131000000000U2","PESCA Y CAPTURA DE OTROS PECES, CRUSTÁCEOS, MOLUSCOS Y OTRAS ESPECIES",,"114119","Pesca y captura de peces, crustáceos, moluscos y otras especies","0 a 5 personas","CALLE","CARLOS SANSORES PÉREZ","CALLE","16","CALLE","27A","CALLE","37","1",,,,"0",,"COLONIA","CENTENARIO",,,,"24400","04","CAMPECHE","004","Champotón","0001","Champotón","0968","038","9821204721",,,"Fijo","19.35147661","-90.72867131","2010-07"
"6167877","04004114119001011001000000U5","PESCA Y CAPTURA DE OTROS PECES, CRUSTÁCEOS, MOLUSCOS Y OTRAS ESPECIES",,"114119","Pesca y captura de peces, crustáceos, moluscos y otras especies","0 a 5 personas","CALLE","CARLOS SANSORES PÉREZ","CALLE","35A","CALLE","35","CALLE","16","1",,,,"0",,"COLONIA","SAN PATRICIO",,,,"24400","04","CAMPECHE","004","Champotón","0001","Champotón","0968","038",,,,"Fijo","19.35118599","-90.7288083","2010-07"
"6167876","04004114119000081001000000U9","PESCA Y CAPTURA DE OTROS PECES, CRUSTÁCEOS, MOLUSCOS Y OTRAS ESPECIES",,"114119","Pesca y captura de peces, crustáceos, moluscos y otras especies","0 a 5 personas","CALLE","CARLOS SANSORES PÉREZ","CALLE","12","CALLE","10","CALLE","15A","0",,,,"0",,"COLONIA","NUEVA ESPERANZA",,,,"24400","04","CAMPECHE","004","Champotón","0001","Champotón","0968","038","9821318134",,,"Fijo","19.34526614","-90.73157891","2010-07"
"6167791","04004114119001782001000000U1","PESCA Y CAPTURA DE OTROS PECES, CRUSTÁCEOS, MOLUSCOS Y OTRAS ESPECIES",,"114119","Pesca y captura de peces, crustáceos, moluscos y otras especies","0 a 5 personas","CALLE","CARLOS SANSORES PÉREZ","CALLE","7","CALLE","9","AVENIDA","COLOSIO","1",,,,"0",,"COLONIA","VENUSTIANO CARRANZA",,,,"24400","04","CAMPECHE","004","Champotón","0001","Champotón","0968","038","9824352453",,,"Fijo","19.35086414","-90.72896","2010-07"
"6167833","04004114119002781001000000U2","PESCA Y CAPTURA DE OTROS PECES, CRUSTÁCEOS, MOLUSCOS Y OTRAS ESPECIES",,"114119","Pesca y captura de peces, crustáceos, moluscos y otras especies","0 a 5 personas","CALLE","CARLOS SANSORES PÉREZ","CALLE","ISABELA CATOLICA","CALLE","HERNANDEZ DE CORDOBA","CALLE","NINGUNO","1",,,,"0",,"COLONIA","CAÑAVERAL",,,,"24400","04","CAMPECHE","004","Champotón","0001","Champotón","0968","038","9821224719",,,"Fijo","19.35248384","-90.72819655","2010-07"
"6167924","04004114119001071001000000U9","PESCA Y CAPTURA DE OTROS PECES, CRUSTÁCEOS, MOLUSCOS Y OTRAS ESPECIES",,"114119","Pesca y captura de peces, crustáceos, moluscos y otras especies","0 a 5 personas","AVENIDA","SIN REFERENCIA","CALLE","41","CALLE","39","CALLE","18","1",,,,"0",,"COLONIA","SAN PATRICIO",,,,"24400","04","CAMPECHE","004","Champotón","0001","Champotón","0968","038","9828292717",,,"Fijo","19.34942624","-90.72983343","2010-07"
"6167700","04004114119000981001000000U0","PESCA Y CAPTURA DE OTROS PECES, CRUSTÁCEOS, MOLUSCOS Y OTRAS ESPECIES",,"114119","Pesca y captura de peces, crustáceos, moluscos y otras especies","0 a 5 personas","CALLE","CALLE DEL MUELLE","CALLE","35","CALLE","37","CALLE","16","1",,,,"0",,"COLONIA","NUEVA JERUSALEM",,,,"24400","04","CAMPECHE","004","Champotón","0001","Champotón","1025","006","9821260651",,,"Fijo","19.36173942","-90.71918367","2010-07"
"6167997","04004114119000531001000000U3","PESCA Y CAPTURA DE OTROS PECES, CRUSTÁCEOS, MOLUSCOS Y OTRAS ESPECIES",,"114119","Pesca y captura de peces, crustáceos, moluscos y otras especies","0 a 5 personas","CALLE","CARLOS SANSORES PÉREZ","CALLE","37","CALLE","49","CALLE","16","1",,,,"0",,"COLONIA","TAJONAL",,,,"24400","04","CAMPECHE","004","Champotón","0001","Champotón","0968","038","9821301139",,,"Fijo","19.35264776","-90.72811929","2010-07"
"6167879","04004114119001231001000000U9","PESCA Y CAPTURA DE OTROS PECES, CRUSTÁCEOS, MOLUSCOS Y OTRAS ESPECIES",,"114119","Pesca y captura de peces, crustáceos, moluscos y otras especies","0 a 5 personas","CALLE","3","CALLE","8","CALLE","10","CALLE","1","14",,,,"0",,"COLONIA","PARAÍSO",,,,"24400","04","CAMPECHE","004","Champotón","0001","Champotón","1025","004","9828223502",,,"Fijo","19.36315608","-90.72138546","2010-07"
"6167998","04004114119001772001000000U2","PESCA Y CAPTURA DE OTROS PECES, CRUSTÁCEOS, MOLUSCOS Y OTRAS ESPECIES",,"114119","Pesca y captura de peces, crustáceos, moluscos y otras especies","0 a 5 personas","CALLE","CARLOS SANSORES PÉREZ","CALLE","14","CALLE","16","CALLE","35A","1",,,,"0",,"COLONIA","SAN PATRICIO",,,,"24400","04","CAMPECHE","004","Champotón","0001","Champotón","0968","038","9821299333",,,"Fijo","19.35111871","-90.72884001","2010-07"
"6167882","04004114119001031001000000U3","PESCA Y CAPTURA DE OTROS PECES, CRUSTÁCEOS, MOLUSCOS Y OTRAS ESPECIES",,"114119","Pesca y captura de peces, crustáceos, moluscos y otras especies","0 a 5 personas","CALLE","CALLE DEL MUELLE","CALLE","3","CALLE","5","AVENIDA","CONCORDIA","0",,,,"0",,"COLONIA","LA CRUZ",,,,"24400","04","CAMPECHE","004","Champotón","0001","Champotón","1025","006","9821219490",,,"Fijo","19.36218139","-90.71888113","2010-07"
"6167999","04004114119000911001000000U7","PESCA Y CAPTURA DE OTROS PECES, CRUSTÁCEOS, MOLUSCOS Y OTRAS ESPECIES",,"114119","Pesca y captura de peces, crustáceos, moluscos y otras especies","0 a 5 personas","CALLE","CARLOS SANSORES PÉREZ","CALLE","37","CALLE","41","CALLE","22","1",,,,"0",,"COLONIA","TAJONAL",,,,"24400","04","CAMPECHE","004","Champotón","0001","Champotón","0968","038","9827317258",,,"Fijo","19.35224171","-90.72831068","2010-07"
"6167888","04004114119001882001000000U9","PESCA Y CAPTURA DE OTROS PECES, CRUSTÁCEOS, MOLUSCOS Y OTRAS ESPECIES",,"114119","Pesca y captura de peces, crustáceos, moluscos y otras especies","0 a 5 personas","CALLE","CALLE DEL MUELLE","CALLE","9","CALLE","11","CALLE","16","0",,,,"0",,"COLONIA","VENUSTIANO CARRANZA",,,,"24400","04","CAMPECHE","004","Champotón","0001","Champotón","1025","006","9824357232",,,"Fijo","19.36165718","-90.71923997","2010-07"
"6168000","04004114119000741001000000U8","PESCA Y CAPTURA DE OTROS PECES, CRUSTÁCEOS, MOLUSCOS Y OTRAS ESPECIES",,"114119","Pesca y captura de peces, crustáceos, moluscos y otras especies","0 a 5 personas","CALLE","SIN REFERENCIA","CALLE","39","CALLE","41","CALLE","NINGUNO","1",,,,"0",,"COLONIA","GUADALUPE VICTORIA",,,,"24400","04","CAMPECHE","004","Champotón","0001","Champotón","0968","038","9821308896",,,"Fijo","19.34931968","-90.72989076","2010-07"
"6167893","04004114119000291000000000U4","PESCA Y CAPTURA DE OTROS PECES, CRUSTÁCEOS, MOLUSCOS Y OTRAS ESPECIES",,"114119","Pesca y captura de peces, crustáceos, moluscos y otras especies","0 a 5 personas","CALLE","CALLE DEL MUELLE","CALLE","12","CALLE","14","CALLE","15A","0",,,,"0",,"COLONIA","NUEVA ESPERANZA",,,,"24400","04","CAMPECHE","004","Champotón","0001","Champotón","1025","011","9821021911",,,"Fijo","19.36076467","-90.71984967","2010-07"
"6694915","04004114119001061000000000U0","PESCA Y CAPTURA DE OTROS PECES, CRUSTÁCEOS, MOLUSCOS Y OTRAS ESPECIES",,"114119","Pesca y captura de peces, crustáceos, moluscos y otras especies","0 a 5 personas","CALLE","35","CALLE","27-A","AVENIDA","CARLOS SANSORES PÉREZ","CALLE","37","18",,,,,,"COLONIA","CENTENARIO",,,,,"04","CAMPECHE","004","Champotón","0001","Champotón","0968","031",,,,"Fijo","19.35158007","-90.72840528","2016-01"
"6167903","04004114119002123001000000U7","PESCA Y CAPTURA DE OTROS PECES, CRUSTÁCEOS, MOLUSCOS Y OTRAS ESPECIES",,"114119","Pesca y captura de peces, crustáceos, moluscos y otras especies","0 a 5 personas","CALLE","31","CALLE","30","CALLE","34-A","CALLE","NINGUNO","18",,,,,,"COLONIA","SAN PATRICIO",,,,"24400","04","CAMPECHE","004","Champotón","0001","Champotón","1025","006","9824330104",,,"Fijo","19.36207662","-90.71895285","2010-07"
"6708678","04004114119000861001000000U4","PESCA Y CAPTURA DE OTROS PECES, CRUSTÁCEOS, MOLUSCOS Y OTRAS ESPECIES",,"114119","Pesca y captura de peces, crustáceos, moluscos y otras especies","0 a 5 personas","CALLE","14","CALLE","41","CALLE","1","CALLE","NINGUNO","0",,,,"0",,"COLONIA","LOS LAURELES",,,,"24400","04","CAMPECHE","004","Champotón","0001","Champotón","0968","024","9821193228",,,"Fijo","19.34553998","-90.72714725","2016-01"
"6167904","04004114119000101001000000U5","PESCA Y CAPTURA DE OTROS PECES, CRUSTÁCEOS, MOLUSCOS Y OTRAS ESPECIES",,"114119","Pesca y captura de peces, crustáceos, moluscos y otras especies","6 a 10 personas","CALLE","CALLE DEL MUELLE","CALLE","16","CALLE","18","CALLE","23","0",,,,"0",,"COLONIA","POZO DEL MONTE",,,,"24400","04","CAMPECHE","004","Champotón","0001","Champotón","1025","006","9821051061",,,"Fijo","19.36199849","-90.71900633","2010-07"
"6167883","04004114119001862001000000U1","PESCA Y CAPTURA DE OTROS PECES, CRUSTÁCEOS, MOLUSCOS Y OTRAS ESPECIES",,"114119","Pesca y captura de peces, crustáceos, moluscos y otras especies","6 a 10 personas","CALLE","CARLOS SANSORES PÉREZ","CALLE","18","CALLE","16","CALLE","7","0",,,,"0",,"COLONIA","VENUSTIANO CARRANZA",,,,"24400","04","CAMPECHE","004","Champotón","0001","Champotón","0968","038","9821006461",,,"Fijo","19.34518094","-90.73161833","2010-07"
"6167389","04004114119002731000000000U7","PESCA Y CAPTURA DE OTROS PECES, CRUSTÁCEOS, MOLUSCOS Y OTRAS ESPECIES",,"114119","Pesca y captura de peces, crustáceos, moluscos y otras especies","0 a 5 personas","CALLE","1","CALLE","2","CALLE","NINGUNO","CALLE","3","0",,,,"0",,"PUEBLO","LA JOYA",,,,"24451","04","CAMPECHE","004","Champotón","0016","La Joya","1063","013","9821224645",,,"Fijo","19.47977917","-90.67104389","2014-12"
"6167393","04004114119002901001000000U6","PESCA Y CAPTURA DE OTROS PECES, CRUSTÁCEOS, MOLUSCOS Y OTRAS ESPECIES",,"114119","Pesca y captura de peces, crustáceos, moluscos y otras especies","0 a 5 personas","CALLE","1","CALLE","9","CALLE","8","CALLE","1","0",,,,"0",,"PUEBLO","LA JOYA",,,,"24451","04","CAMPECHE","004","Champotón","0016","La Joya","1063","020","9821308253",,,"Fijo","19.47974949","-90.67328879","2014-12"
"6167418","04004114119002862001000000U0","PESCA Y CAPTURA DE OTROS PECES, CRUSTÁCEOS, MOLUSCOS Y OTRAS ESPECIES",,"114119","Pesca y captura de peces, crustáceos, moluscos y otras especies","0 a 5 personas","CALLE","CARRETERA CHAMPOTON -CAMPECHE-LA JOYA","CALLE","1","CALLE","NINGUNO","CALLE","3","0",,,,"0",,"PUEBLO","LA JOYA",,,,"24451","04","CAMPECHE","004","Champotón","0016","La Joya","1063","014","9821321845",,,"Fijo","19.47983539","-90.67295077","2014-12"
"6167919","04004114119001601001000000U3","PESCA Y CAPTURA DE OTROS PECES, CRUSTÁCEOS, MOLUSCOS Y OTRAS ESPECIES",,"114119","Pesca y captura de peces, crustáceos, moluscos y otras especies","0 a 5 personas","CALLE","9","CALLE","1B","CALLE","1","CALLE","NINGUNO","0",,,,"0",,"PUEBLO","LA JOYA",,,,"24451","04","CAMPECHE","004","Champotón","0016","La Joya","1063","018","9827310837",,,"Fijo","19.47910683","-90.67211412","2010-07"
"6168002","04004114119001621001000000U1","PESCA Y CAPTURA DE OTROS PECES, CRUSTÁCEOS, MOLUSCOS Y OTRAS ESPECIES",,"114119","Pesca y captura de peces, crustáceos, moluscos y otras especies","0 a 5 personas","CALLE","PRINCIPAL","CALLE","2","CALLE","1","CALLE","3","4",,,,,,"PUEBLO","LA JOYA",,,,"24451","04","CAMPECHE","004","Champotón","0016","La Joya","1063","013","9821296377",,,"Fijo","19.47973211","-90.66999013","2010-07"
"6168005","04004114119001631001000000U0","PESCA Y CAPTURA DE OTROS PECES, CRUSTÁCEOS, MOLUSCOS Y OTRAS ESPECIES",,"114119","Pesca y captura de peces, crustáceos, moluscos y otras especies","0 a 5 personas","CALLE","12","CALLE","NINGUNO","CALLE","NINGUNO","CALLE","NINGUNO","0",,,,"0",,"PUEBLO","LA JOYA",,,,"24451","04","CAMPECHE","004","Champotón","0016","La Joya","1063","001","9821218346",,,"Fijo","19.48329983","-90.67169512","2010-07"
"6167444","04004114119002771001000000U3","PESCA Y CAPTURA DE OTROS PECES, CRUSTÁCEOS, MOLUSCOS Y OTRAS ESPECIES",,"114119","Pesca y captura de peces, crustáceos, moluscos y otras especies","6 a 10 personas","AVENIDA","CARLOS SANSORES PEREZ","CALLE","33","CALLE","35","CALLE","27A","0",,,,"0",,"COLONIA","GUADALUPE",,,,"24400","04","CAMPECHE","004","Champotón","0001","Champotón","1951","028","2321719054",,,"Fijo","19.35507942","-90.72677006","2014-12"
"6167831","04004114119002313001000000U4","PESCA Y CAPTURA DE OTROS PECES, CRUSTÁCEOS, MOLUSCOS Y OTRAS ESPECIES",,"114119","Pesca y captura de peces, crustáceos, moluscos y otras especies","11 a 30 personas","CALLE","CARLOS SANSORES PÉREZ","CALLE","14","CALLE","16","CALLE","NINGUNO","0",,,,"0",,"COLONIA","LA CRUZ",,,,"24400","04","CAMPECHE","004","Champotón","0001","Champotón","1951","017","9811675453",,,"Fijo","19.35631139","-90.72575134","2010-07"
"6167872","04004114119001682001000000U3","PESCA Y CAPTURA DE OTROS PECES, CRUSTÁCEOS, MOLUSCOS Y OTRAS ESPECIES",,"114119","Pesca y captura de peces, crustáceos, moluscos y otras especies","11 a 30 personas","CALLE","15B","CALLE","10","CALLE","12","CALLE","15A","0",,,,"0",,"COLONIA","NUEVA ESPERANZA",,,,"24400","04","CAMPECHE","004","Champotón","0001","Champotón","1951","028","9821073919",,,"Fijo","19.35486372","-90.72691621","2010-07"
"6167908","04004114119001051000000000U1","PESCA Y CAPTURA DE OTROS PECES, CRUSTÁCEOS, MOLUSCOS Y OTRAS ESPECIES",,"114119","Pesca y captura de peces, crustáceos, moluscos y otras especies","0 a 5 personas","CALLE","SIN REFERENCIA","CALLE","34","CALLE","NINGUNO","CALLE","ULISES SANSORES","1",,,,"0",,"COLONIA","SAN PATRICIO",,,,"24400","04","CAMPECHE","004","Champotón","0001","Champotón","1951","028","9821158949",,,"Fijo","19.35465429","-90.72705812","2010-07"
"6710901","04004114119001151001000000U9","PESCA Y CAPTURA DE OTROS PECES, CRUSTÁCEOS, MOLUSCOS Y OTRAS ESPECIES",,"114119","Pesca y captura de peces, crustáceos, moluscos y otras especies","0 a 5 personas","CALLE","31","CALLE","27A","CALLE","36","CALLE","33","11",,,,,,"COLONIA","SAN PATRICIO",,,,"24400","04","CAMPECHE","004","Champotón","0001","Champotón","1951","002","9821098106",,,"Fijo","19.35653422","-90.72309266","2016-01"
"6167425","04004112512000012010000000U2","PESCA Y CAPTURA DE OTROS PECES, CRUSTÁCEOS, MOLUSCOS Y OTRAS ESPECIES",,"114119","Pesca y captura de peces, crustáceos, moluscos y otras especies","6 a 10 personas","CALLE","SAN PABLO PIXTUN","CALLE","NINGUNO","CALLE","RANCHO SAN JUAN DE LOS ANGELES","CALLE","NINGUNO","1",,,,,"SN","PUEBLO","LEY FEDERAL DE REFORMA AGRARIA",,,,"24410","04","CAMPECHE","004","Champotón","0091","Ley Federal de Reforma Agraria","1970","032","9381807096",,,"Fijo","19.07041872","-90.80901115","2014-12"
"6167394","04004114119002641001000000U8","PESCA Y CAPTURA DE OTROS PECES, CRUSTÁCEOS, MOLUSCOS Y OTRAS ESPECIES",,"114119","Pesca y captura de peces, crustáceos, moluscos y otras especies","0 a 5 personas","CALLE","PRINCIPAL","CALLE","5","CALLE","1","CALLE","2","0",,,,"0",,"PUEBLO","EL PORVENIR",,,,"24403","04","CAMPECHE","004","Champotón","0233","El Porvenir","1063","004","9815938463",,,"Fijo","19.46429532","-90.66574271","2014-12"
"6168116","04004114119002012001000000U2","PESCA Y CAPTURA DE OTROS PECES, CRUSTÁCEOS, MOLUSCOS Y OTRAS ESPECIES",,"114119","Pesca y captura de peces, crustáceos, moluscos y otras especies","0 a 5 personas","CALLE","4","CALLE","NINGUNO","CALLE","NINGUNO","CALLE","NINGUNO","1",,,,,,"EJIDO","VILLA MAR",,,,"24400","04","CAMPECHE","004","Champotón","0521","Villamar","1097","007","9821319283",,,"Fijo","19.29020371","-90.77430923","2010-07"
"6167229","04004114119002801001000000U8","PESCA Y CAPTURA DE OTROS PECES, CRUSTÁCEOS, MOLUSCOS Y OTRAS ESPECIES",,"114119","Pesca y captura de peces, crustáceos, moluscos y otras especies","0 a 5 personas","CALLE","9","CALLE","18","CALLE","20","CALLE","11","0",,,,"0",,"COLONIA","ISSSTE",,,,"24400","04","CAMPECHE","004","Champotón","0001","Champotón","0972","005","9811526624",,,"Fijo","19.34263113","-90.73075981","2010-07"
"6167880","04004114119001021001000000U4","PESCA Y CAPTURA DE OTROS PECES, CRUSTÁCEOS, MOLUSCOS Y OTRAS ESPECIES",,"114119","Pesca y captura de peces, crustáceos, moluscos y otras especies","6 a 10 personas","CALLE","24","CALLE","43","CALLE","45","CALLE","22","1",,,,,,"LOCALIDAD","EL ARENAL",,,,"24400","04","CAMPECHE","004","Champotón","0001","Champotón","1947","006","9821324996",,,"Fijo","19.32893369","-90.73921805","2010-07"
"6167440","04004114119002701001000000U0","PESCA Y CAPTURA DE OTROS PECES, CRUSTÁCEOS, MOLUSCOS Y OTRAS ESPECIES",,"114119","Pesca y captura de peces, crustáceos, moluscos y otras especies","0 a 5 personas","CALLE","CARLOS SANSORES PÉREZ","AVENIDA","COLOSIO (TAMBIEN 10)","CALLE","12","CALLE","33","0",,,,"0",,"COLONIA","LAZARO CARDENAS",,,,"24400","04","CAMPECHE","004","Champotón","0001","Champotón","0972","039","9821218404",,,"Fijo","19.34366105","-90.7323344","2014-12"
"6167387","04004114119002671001000000U5","PESCA Y CAPTURA DE OTROS PECES, CRUSTÁCEOS, MOLUSCOS Y OTRAS ESPECIES",,"114119","Pesca y captura de peces, crustáceos, moluscos y otras especies","0 a 5 personas","CALLE","31","CALLE","27A","CALLE","3","CALLE","NINGUNO","3",,,,,,"COLONIA","SAN PATRICIO",,,,"24400","04","CAMPECHE","004","Champotón","0001","Champotón","1951","023","9992560089",,,"Fijo","19.35452145","-90.72592157","2014-12"
"6167645","04004114119000951000000000U3","PESCA Y CAPTURA DE OTROS PECES, CRUSTÁCEOS, MOLUSCOS Y OTRAS ESPECIES",,"114119","Pesca y captura de peces, crustáceos, moluscos y otras especies","0 a 5 personas","CALLE","CARLOS SANSORES PÉREZ","CALLE","20","AVENIDA","SANSORES","CALLE","9","1",,,,"0",,"COLONIA","ISSSTE",,,,"24400","04","CAMPECHE","004","Champotón","0001","Champotón","0972","039","9821208618",,,"Fijo","19.34403406","-90.73215883","2010-07"
"6167443","04004114119002761001000000U4","PESCA Y CAPTURA DE OTROS PECES, CRUSTÁCEOS, MOLUSCOS Y OTRAS ESPECIES",,"114119","Pesca y captura de peces, crustáceos, moluscos y otras especies","0 a 5 personas","AVENIDA","CARLOS SANSORES PEREZ","CALLE","33","CALLE","35","CALLE","27A","0",,,,"0",,"COLONIA","GUADALUPE",,,,"24400","04","CAMPECHE","004","Champotón","0001","Champotón","1951","028","2321719054",,,"Fijo","19.35496194","-90.72684966","2014-12"
"6167679","04004114119000771001000000U5","PESCA Y CAPTURA DE OTROS PECES, CRUSTÁCEOS, MOLUSCOS Y OTRAS ESPECIES",,"114119","Pesca y captura de peces, crustáceos, moluscos y otras especies","0 a 5 personas","CALLE","CARLOS SANSORES PÉREZ","CALLE","20","CALLE","18","CALLE","9","0",,,,"0",,"COLONIA","LA PLAYA",,,,"24400","04","CAMPECHE","004","Champotón","0001","Champotón","0972","039","9824358438",,,"Fijo","19.34220297","-90.73307126","2010-07"
"6167634","04004114119000931000000000U5","PESCA Y CAPTURA DE OTROS PECES, CRUSTÁCEOS, MOLUSCOS Y OTRAS ESPECIES",,"114119","Pesca y captura de peces, crustáceos, moluscos y otras especies","0 a 5 personas","CALLE","27","AVENIDA","CARLOS SANSORES","CALLE","36","CALLE","27A","4",,,,,,"COLONIA","SAN PATRICIO",,,,"24400","04","CAMPECHE","004","Champotón","0001","Champotón","1951","023","9821182257",,,"Fijo","19.35575808","-90.72582423","2010-07"
"6167688","04004114119001141001000000U0","PESCA Y CAPTURA DE OTROS PECES, CRUSTÁCEOS, MOLUSCOS Y OTRAS ESPECIES",,"114119","Pesca y captura de peces, crustáceos, moluscos y otras especies","0 a 5 personas","CALLE","CARLOS SANSORES PÉREZ","CALLE","LA NIÑA","CALLE","PINTA","CALLE","FRANCISCO HERNANDEZ DE CORDOBA","0",,,,"0",,"COLONIA","CAÑAVERAL",,,,"24400","04","CAMPECHE","004","Champotón","0001","Champotón","0972","039","9821303885",,,"Fijo","19.34136422","-90.73350541","2010-07"
"6167655","04004114119000551001000000U1","PESCA Y CAPTURA DE OTROS PECES, CRUSTÁCEOS, MOLUSCOS Y OTRAS ESPECIES",,"114119","Pesca y captura de peces, crustáceos, moluscos y otras especies","0 a 5 personas","CALLE","14","CALLE","35-A","CALLE","35","CALLE","36","0","SN",,,,,"COLONIA","SAN PATRICIO",,,,"24400","04","CAMPECHE","004","Champotón","0001","Champotón","1951","028","9821305428",,,"Fijo","19.35404554","-90.72747061","2010-07"
"6167738","04004114119000801001000000U0","PESCA Y CAPTURA DE OTROS PECES, CRUSTÁCEOS, MOLUSCOS Y OTRAS ESPECIES",,"114119","Pesca y captura de peces, crustáceos, moluscos y otras especies","0 a 5 personas","CALLE","CARLOS SANSORES PÉREZ","CALLE","12","CALLE","14","CALLE","5","0",,,,"0",,"COLONIA","VENUSTIANO CARRANZA",,,,"24400","04","CAMPECHE","004","Champotón","0001","Champotón","0972","039","9821153800",,,"Fijo","19.34374699","-90.7322922","2010-07"
"6167702","04004114119001842001000000U3","PESCA Y CAPTURA DE OTROS PECES, CRUSTÁCEOS, MOLUSCOS Y OTRAS ESPECIES",,"114119","Pesca y captura de peces, crustáceos, moluscos y otras especies","0 a 5 personas","CALLE","SIN REFERENCIA","CALLE","31","CALLE","33","CALLE","14","1",,,,"0",,"COLONIA","EL CARDENAL",,,,"24400","04","CAMPECHE","004","Champotón","0001","Champotón","1951","028","9827313196",,,"Fijo","19.35524611","-90.72665538","2010-07"
"6167751","04004114119001191001000000U5","PESCA Y CAPTURA DE OTROS PECES, CRUSTÁCEOS, MOLUSCOS Y OTRAS ESPECIES",,"114119","Pesca y captura de peces, crustáceos, moluscos y otras especies","0 a 5 personas","CALLE","CARLOS SANSORES PÉREZ","CALLE","6","CALLE","8","CALLE","5","1",,,,"0",,"COLONIA","VENUSTIANO CARRANZA",,,,"24400","04","CAMPECHE","004","Champotón","0001","Champotón","0972","039","9821325102",,,"Fijo","19.34429442","-90.73203278","2010-07"
"6167726","04004114119000601001000000U4","PESCA Y CAPTURA DE OTROS PECES, CRUSTÁCEOS, MOLUSCOS Y OTRAS ESPECIES",,"114119","Pesca y captura de peces, crustáceos, moluscos y otras especies","0 a 5 personas","CALLE","31","CALLE","27A","AVENIDA","SANSORES","CALLE","36","8",,,,,,"COLONIA","SAN PATRICIO",,,,"24400","04","CAMPECHE","004","Champotón","0001","Champotón","1951","027","9828281179",,,"Fijo","19.35431086","-90.72579799","2010-07"
"6167830","04004114119002373001000000U8","PESCA Y CAPTURA DE OTROS PECES, CRUSTÁCEOS, MOLUSCOS Y OTRAS ESPECIES",,"114119","Pesca y captura de peces, crustáceos, moluscos y otras especies","0 a 5 personas","CALLE","LUIS DONALDO COLOSIO","CALLE","1","CALLE","3","CALLE","12","0",,,,"0",,"COLONIA","VENUSTIANO CARRANZA",,,,"24400","04","CAMPECHE","004","Champotón","0001","Champotón","0972","022","9821213056",,,"Fijo","19.3438344","-90.72522948","2010-07"
"6167756","04004114119000431000000000U6","PESCA Y CAPTURA DE OTROS PECES, CRUSTÁCEOS, MOLUSCOS Y OTRAS ESPECIES",,"114119","Pesca y captura de peces, crustáceos, moluscos y otras especies","0 a 5 personas","CALLE","SIN REFERENCIA","CALLE","12","CALLE","14","CALLE","1","0",,,,"0",,"COLONIA","LA CRUZ",,,,"24400","04","CAMPECHE","004","Champotón","0001","Champotón","1951","028","9821218358",,,"Fijo","19.3581171","-90.72365454","2010-07"
"6167889","04004114119000481001000000U1","PESCA Y CAPTURA DE OTROS PECES, CRUSTÁCEOS, MOLUSCOS Y OTRAS ESPECIES",,"114119","Pesca y captura de peces, crustáceos, moluscos y otras especies","0 a 5 personas","CALLE","CARLOS SANSORES PÉREZ","CALLE","20","AVENIDA","SANSORES","CALLE","9","1",,,,"0",,"COLONIA","ISSSTE",,,,"24400","04","CAMPECHE","004","Champotón","0001","Champotón","0972","039","9828280664",,,"Fijo","19.34405689","-90.73214998","2010-07"
"6167779","04004114119001211000000000U1","PESCA Y CAPTURA DE OTROS PECES, CRUSTÁCEOS, MOLUSCOS Y OTRAS ESPECIES",,"114119","Pesca y captura de peces, crustáceos, moluscos y otras especies","0 a 5 personas","CALLE","27","CALLE","33","CALLE","31","CALLE","NINGUNO","7",,,,,,"COLONIA","SAN PATRICIO",,,,"24400","04","CAMPECHE","004","Champotón","0001","Champotón","1951","027","9821187404",,,"Fijo","19.35311749","-90.72684517","2010-07"
"6167891","04004114119001421001000000U6","PESCA Y CAPTURA DE OTROS PECES, CRUSTÁCEOS, MOLUSCOS Y OTRAS ESPECIES",,"114119","Pesca y captura de peces, crustáceos, moluscos y otras especies","0 a 5 personas","CALLE","CARLOS SANSORES PÉREZ","CALLE","20","AVENIDA","SANSORES","CALLE","9","1",,,,"0",,"COLONIA","ISSSTE",,,,"24400","04","CAMPECHE","004","Champotón","0001","Champotón","0972","039",,,,"Fijo","19.34392522","-90.73220806","2010-07"
"6167822","04004114119001391000000000U1","PESCA Y CAPTURA DE OTROS PECES, CRUSTÁCEOS, MOLUSCOS Y OTRAS ESPECIES",,"114119","Pesca y captura de peces, crustáceos, moluscos y otras especies","0 a 5 personas","CALLE","27-A","CALLE","31","CALLE","33","AVENIDA","SANSONRES","1",,,,"0",,"COLONIA","SAN PATRICIO",,,,"24400","04","CAMPECHE","004","Champotón","0001","Champotón","1951","027",,,,"Fijo","19.35387902","-90.72622322","2010-07"
"6167895","04004114119000491001000000U0","PESCA Y CAPTURA DE OTROS PECES, CRUSTÁCEOS, MOLUSCOS Y OTRAS ESPECIES",,"114119","Pesca y captura de peces, crustáceos, moluscos y otras especies","0 a 5 personas","CALLE","7","AVENIDA","SANSORES","CALLE","20","CALLE","9","0",,,,"0",,"COLONIA","ISSSTE",,,,"24400","04","CAMPECHE","004","Champotón","0001","Champotón","0972","039","9821313860",,,"Fijo","19.34382683","-90.732253","2010-07"
"6167834","04004114119001001001000000U6","PESCA Y CAPTURA DE OTROS PECES, CRUSTÁCEOS, MOLUSCOS Y OTRAS ESPECIES",,"114119","Pesca y captura de peces, crustáceos, moluscos y otras especies","0 a 5 personas","CALLE","SIN REFERENCIA","CALLE","LAS AMERICAS","CALLE","NIÑA","CALLE","NINGUNA","2",,,,"0",,"COLONIA","CAÑAVERAL",,,,"24400","04","CAMPECHE","004","Champotón","0001","Champotón","1951","028",,,,"Fijo","19.35814623","-90.72393907","2010-07"
"6167909","04004114119000301001000000U1","PESCA Y CAPTURA DE OTROS PECES, CRUSTÁCEOS, MOLUSCOS Y OTRAS ESPECIES",,"114119","Pesca y captura de peces, crustáceos, moluscos y otras especies","0 a 5 personas","CALLE","SIN REFERENCIA","CALLE","7","CALLE","20","CALLE","NINGUNO","1",,,,"0",,"COLONIA","ISSSTE",,,,"24400","04","CAMPECHE","004","Champotón","0001","Champotón","0972","039","9821240017",,,"Fijo","19.34413848","-90.73210842","2010-07"
"6167867","04004114119000631001000000U1","PESCA Y CAPTURA DE OTROS PECES, CRUSTÁCEOS, MOLUSCOS Y OTRAS ESPECIES",,"114119","Pesca y captura de peces, crustáceos, moluscos y otras especies","0 a 5 personas","CALLE","31","AVENIDA","CARLOS SANSORES","CALLE","27A","CALLE","33","3",,,,,,"COLONIA","SAN PATRICIO",,,,"24400","04","CAMPECHE","004","Champotón","0001","Champotón","1951","023","9821190322",,,"Fijo","19.35456371","-90.72596713","2010-07"
"6694356","04004114119000231001000000U0","PESCA Y CAPTURA DE OTROS PECES, CRUSTÁCEOS, MOLUSCOS Y OTRAS ESPECIES",,"114119","Pesca y captura de peces, crustáceos, moluscos y otras especies","0 a 5 personas","AVENIDA","CARLOS SANSORES PÉREZ","CALLE","13","CALLE","NINGUNO","CALLE","NINGUNO","0",,,,"0",,"COLONIA","LA CRUZ",,,,"24400","04","CAMPECHE","004","Champotón","0001","Champotón","0972","039","9821083888",,,"Fijo","19.34405689","-90.73214998","2016-01"
"6167898","04004114119000831001000000U7","PESCA Y CAPTURA DE OTROS PECES, CRUSTÁCEOS, MOLUSCOS Y OTRAS ESPECIES",,"114119","Pesca y captura de peces, crustáceos, moluscos y otras especies","0 a 5 personas","CALLE","14","CALLE","35","CALLE","35-A","CALLE","16","0","SN",,,,,"COLONIA","SAN PATRICIO",,,,"24400","04","CAMPECHE","004","Champotón","0001","Champotón","1951","028","9821006390",,,"Fijo","19.35450944","-90.72715627","2010-07"
"8764777","04004114119003782000000000U9","PESCA Y CAPTURA DE OTROS PECES, CRUSTÁCEOS, MOLUSCOS Y OTRAS ESPECIES",,"114119","Pesca y captura de peces, crustáceos, moluscos y otras especies","0 a 5 personas","CALLE","CARLOS SANSORES PÉREZ","CALLE","33","CALLE","14","CALLE","18","0",,,,"0",,"COLONIA","GUADALUPE",,,,"24460","04","CAMPECHE","004","Champotón","0001","Champotón","0972","039",,"JOSEFELIPEGONGORA@HOTMAIL.COM",,"Fijo","19.34220764","-90.73306885","2019-11"
"6167899","04004114119000841000000000U6","PESCA Y CAPTURA DE OTROS PECES, CRUSTÁCEOS, MOLUSCOS Y OTRAS ESPECIES",,"114119","Pesca y captura de peces, crustáceos, moluscos y otras especies","0 a 5 personas","CALLE","36","CALLE","27","CALLE","25","CALLE","34","4",,,,,,"COLONIA","CENTRO",,,,"24400","04","CAMPECHE","004","Champotón","0001","Champotón","1951","016",,,,"Fijo","19.35604259","-90.72514171","2010-07"
"6167675","04004114119002053001000000U6","PESCA Y CAPTURA DE OTROS PECES, CRUSTÁCEOS, MOLUSCOS Y OTRAS ESPECIES",,"114119","Pesca y captura de peces, crustáceos, moluscos y otras especies","11 a 30 personas","AVENIDA","CARLOS SANSORES PEREZ","CALLE","13","CALLE","15","CALLE","27","1",,,,,,"LOCALIDAD","LA PLAYA",,,,"24400","04","CAMPECHE","004","Champotón","0001","Champotón","0972","039",,"MARISCOS_BALAS@HOTMAIL.COM",,"Fijo","19.34128634","-90.73354572","2010-07"
"6167905","04004114119000641001000000U0","PESCA Y CAPTURA DE OTROS PECES, CRUSTÁCEOS, MOLUSCOS Y OTRAS ESPECIES",,"114119","Pesca y captura de peces, crustáceos, moluscos y otras especies","0 a 5 personas","CALLE","10","CALLE","9","CALLE","13","CALLE","12","26",,,,,,"COLONIA","VENUSTIANO CARRANZA",,,,"24400","04","CAMPECHE","004","Champotón","0001","Champotón","1951","028","9828297212",,,"Fijo","19.35436152","-90.7272565","2010-07"
"6167392","04004114119002651001000000U7","PESCADO, CARACOL Y PULPO",,"114119","Pesca y captura de peces, crustáceos, moluscos y otras especies","0 a 5 personas","CALLE","SOL","CALLE","URANO","CALLE","NINGUNO","CALLE","NINGUNO","0",,,,"0",,"PUEBLO","LA JOYA",,,,"24400","04","CAMPECHE","004","Champotón","0016","La Joya","1063","020","9824331620",,,"Fijo","19.47975557","-90.67276911","2014-12"
"6167816","04004114119000061000000000O5","PESCADORES DE CHENTAN S.C.","PESCADORES DE CHENTAN SC","114119","Pesca y captura de peces, crustáceos, moluscos y otras especies","6 a 10 personas","CALLE","CALLE DEL MUELLE","CALLE","31","CALLE","29","CALLE","12","0",,,,"0",,"LOCALIDAD","LAZARO CARDENAZ",,,,"24400","04","CAMPECHE","004","Champotón","0001","Champotón","1025","006","9824352136","SIN@CORREO.COM",,"Fijo","19.36147665","-90.71936355","2010-07"
"6168081","04004114119002083001000000U3","PESCADORES DE LA BAHIA, S. DE R.L DE C.V","PESCADORES DE LA BAHIA S DE RL DE CV","114119","Pesca y captura de peces, crustáceos, moluscos y otras especies","11 a 30 personas","AVENIDA","CARLOS SANSORES PÉREZ","CALLE","33","CALLE","35","CALLE","27A","0",,,,"0",,"COLONIA","SAN PATRICIO",,,,"24400","04","CAMPECHE","004","Champotón","0001","Champotón","1951","027",,,,"Fijo","19.35495814","-90.72657796","2010-07"
"6167236","04004114119002822001000000U4","PESCADOS Y MARISCOS SAN ANTONIO",,"114119","Pesca y captura de peces, crustáceos, moluscos y otras especies","0 a 5 personas","AVENIDA","CARLOS SANSORES PÉREZ","CALLE","33","CALLE","35","CALLE","27A","0",,,,"0",,"COLONIA","GUADALUPE VICTORIA",,,,"24400","04","CAMPECHE","004","Champotón","0001","Champotón","0968","029",,,,"Fijo","19.3494114","-90.72946463","2010-07"
"6167921","04004114119000141000000000O2","POZO DEL CHEN-PEC SC DE RL","POZO DEL CHEN-PEC SC DE RL","114119","Pesca y captura de peces, crustáceos, moluscos y otras especies","0 a 5 personas","CALLE","24","CALLE","31","CALLE","29","CALLE","26","53",,,,,"SN","LOCALIDAD","POZO DEL CHEN-PEC",,,,"24400","04","CAMPECHE","004","Champotón","0001","Champotón","1006","027","9821041069","1CARMELO1VAZQUEZ@HOTMAIL.COM",,"Fijo","19.34463984","-90.72094427","2010-07"
"6167907","04004114119001812000000000O6","PUENTE DE CHAMPOTON SC DE RL","PUENTE DE CHAMPOTON SC DE RL","114119","Pesca y captura de peces, crustáceos, moluscos y otras especies","0 a 5 personas","CALLE","17","CALLE","24","CALLE","26","CALLE","19","1",,,,,,"LOCALIDAD","POZO DEL MONTE",,,,"24400","04","CAMPECHE","004","Champotón","0001","Champotón","1006","027","9821190439","SIN@CORREO.COM",,"Fijo","19.34463984","-90.72094427","2010-07"
"6167870","04004114119001581000000000O8","PULPEROS DE CIUDAD DEL SOL SC DE RL","PULPEROS DE CIUDAD DEL SOL SC DE RL","114119","Pesca y captura de peces, crustáceos, moluscos y otras especies","51 a 100 personas","CALLE","INGENIO LA JOYA","CALLE","INGENIO LA JOYA","CALLE","INGENIO LA JOYA","CALLE","INGENIO A JOYA","1",,,,,,"LOCALIDAD","INGENIO LA JOYA",,,,"24400","04","CAMPECHE","004","Champotón","0001","Champotón","1006","027","9821296806",,,"Fijo","19.34463984","-90.72094427","2010-07"
"6167729","04004114119000791001000000U3","PULPO",,"114119","Pesca y captura de peces, crustáceos, moluscos y otras especies","0 a 5 personas","CALLE","13","CALLE","15A","CALLE","15D","CALLE","12","3",,,,,,"FRACCIONAMIENTO","INFONAVIT MOCH COHUO",,,,"24400","04","CAMPECHE","004","Champotón","0017","Ciudad del Sol","1063","014","9827312512",,,"Fijo","19.47893877","-90.7034477","2010-07"
"6167913","04004114119002133001000000O6","PUNTA XEN","PUNTA XEN SC DE RL","114119","Pesca y captura de peces, crustáceos, moluscos y otras especies","31 a 50 personas","CALLE","CARLOS SANSORES PÉREZ","CALLE","20","CALLE","18","CALLE","07","0",,,,"0",,"COLONIA","VENUSTIANO CARRANZA",,,,"24400","04","CAMPECHE","004","Champotón","0001","Champotón","0972","039","9828281630",,,"Fijo","19.34419901","-90.73207764","2010-07"
"6167441","04004114119002611000000000O1","RÍO PROFUNDO DE CASCADA AZUL","RÍO PROFUNDO DE CASCADA AZUL SPR DE RL","114119","Pesca y captura de peces, crustáceos, moluscos y otras especies","0 a 5 personas","CALLE","NINGUNO","CALLE","NINGUNO","CALLE","NINGUNO","CALLE","NINGUNO","0",,,,,,"EJIDO","ZAPOTE",,,,"24402","04","CAMPECHE","004","Champotón","0052","El Zapote","1078","800",,,,"Fijo","19.28256173","-90.61662929","2014-12"
"6167424","04004112512000031000000000O3","RIO ULUMAL SPR DE RL","RIO ULUMAL SPR DE RL","114119","Pesca y captura de peces, crustáceos, moluscos y otras especies","6 a 10 personas","CALLE","9","CALLE","2","AVENIDA","CONCORDIA","CALLE","11","1",,,,,,"LOCALIDAD","LA CRUZ",,,,"24400","04","CAMPECHE","004","Champotón","0001","Champotón","1006","012","9821075259","RIOULUMAL@HOTMAIL.COM",,"Fijo","19.34096659","-90.72130623","2014-12"
"8836128","04004114119003345000000000O5","S.C.P.P. Y A. DE B. Y S. EL LIRIO DE LOS VALLES SC DE RL","SCPP Y A DE B Y S EL LIRIO DE LOS VALLES SC DE RL","114119","Pesca y captura de peces, crustáceos, moluscos y otras especies","11 a 30 personas","CALLE","S","CALLE","11","CALLE","9","CALLE","14","0",,,,"0",,"LOCALIDAD","VILLAMADERO",,,,"24460","04","CAMPECHE","004","Champotón","9000","El Paso","1044","800","9828263036","LIRIODELOSVALLES_00@HOTMAIL.COM",,"Fijo","19.52550004","-90.70958798","2019-11"
"6167620","04004114119002183000000000O5","SCPPB Y S MOCH COHUO SC DE RL","SCPPB Y S MOCH COHUO SCPPB Y S SC DR RL","114119","Pesca y captura de peces, crustáceos, moluscos y otras especies","6 a 10 personas","CALLE","26","CALLE","17","CALLE","15","CALLE","28","13",,,,,,"LOCALIDAD","POZO DEL MONTE",,,,"24400","04","CAMPECHE","004","Champotón","0001","Champotón","1006","027","9828299533","GUSTABOCHAM@HOTMAIL.COM",,"Fijo","19.34463984","-90.72094427","2010-07"
"6168082","04004114119002173000000000O1","SCPPB Y S POZO DEL MONTE SC DE RL","SCPPB Y S POZO DEL MONTE SCPPB Y S SC DR RL","114119","Pesca y captura de peces, crustáceos, moluscos y otras especies","6 a 10 personas","CALLE","CALLE DEL MUELLE","CALLE","27","CALLE","25","CALLE","22","1",,,,"0",,"LOCALIDAD","POZO DEL MONTE",,,,"24400","04","CAMPECHE","004","Champotón","0001","Champotón","1025","006","9821255297","JORCOSGALLA@HOTMAIL.COM",,"Fijo","19.36234225","-90.71877102","2010-07"
"6168083","04004114119001742001000000O5","SCPPBS LISEREROS DE LA BAHÍA CHAMPOTONERA SCL","SCPPBS LISEREROS DE LA BAHÍA CHAMPOTONERA SC DE RL","114119","Pesca y captura de peces, crustáceos, moluscos y otras especies","6 a 10 personas","CALLE","SIN REFERENCIA","CALLE","31","CALLE","35A","CALLE","26","25",,,,"0",,"COLONIA","CHEMPEC",,,,"24400","04","CAMPECHE","004","Champotón","0001","Champotón","1951","028","982132301525",,,"Fijo","19.35417979","-90.72737964","2010-07"
"8836279","04004114119003463000000000O6","SHARKAN SC DE RL DE CV","SHARKAN SC DE RL DE CV","114119","Pesca y captura de peces, crustáceos, moluscos y otras especies","6 a 10 personas","AVENIDA","CONCORDIA","CALLE","41","AVENIDA","CARLOS SANSORES PEREZ","CALLE","1","0",,,,"0",,"LOCALIDAD","GUADALUPE VICTORIA",,,,"24400","04","CAMPECHE","004","Champotón","0001","Champotón","1006","027","9821184020","SHARKANSC@HOTMAIL.COM",,"Fijo","19.34427049","-90.72052211","2019-11"
"6167228","04004114119002604001000000O6","SOCIEDAD DE PRODUCCIÓN PESQUERA 1 DE AGOSTO","SOCIEDAD DE PRODUCCIÓN PESQUERA 1 DE AGOSTO SC DE RL","114119","Pesca y captura de peces, crustáceos, moluscos y otras especies","11 a 30 personas","CALLE","CARLOS SANSORES PÉREZ","CALLE","16","CALLE","18","CALLE","1","0",,,,"0",,"COLONIA","LA PLAYA O LAURELES",,,,"24400","04","CAMPECHE","004","Champotón","0001","Champotón","0968","038","9821180130",,,"Fijo","19.34658085","-90.73097212","2010-07"
"6167917","04004114119001892000000000O2","SPPB Y S PRINCIPE DE SION SC DE RL","SPPB Y S PRINCIPE DE SION SPPB Y S SC DE RL","114119","Pesca y captura de peces, crustáceos, moluscos y otras especies","6 a 10 personas","CALLE","41","CALLE","12","CALLE","14","CALLE","1","0",,,,"0",,"LOCALIDAD","VENUSTIANO CARRANZA",,,,"24400","04","CAMPECHE","004","Champotón","0001","Champotón","0968","012","9827313716","PRINCIPE_DE_SION@OUTLOOK.COM",,"Fijo","19.34703294","-90.72593047","2010-07"
"6167419","04004114119002566001000000O7","UNION DE SOCIEDADES COOPERATIVAS Y PERMISIONARIOS DE BIENES Y SERVICIOS ROBALEROS DE CHAMPOTÓN DE S. DE R.L DE C.V",,"114119","Pesca y captura de peces, crustáceos, moluscos y otras especies","31 a 50 personas","CALLE","26","CALLE","6","CALLE","8","CALLE","3","0",,,,"0",,"COLONIA","VENUSTIANO CARRANZA",,,,"24400","04","CAMPECHE","004","Champotón","0001","Champotón","0012","007","9821198096",,,"Fijo","19.35921918","-90.71817816","2014-12"
